Month,cough: (United States),vomiting: (United States),body aches: (United States),Vaccine: (United States),lockdown: (United States),Quarantine: (United States),WHO Guidelines: (United States),Face mask: (United States),Should I be worried: (United States),How dangerous is: (United States),What is a pandemic: (United States),emergency result: (United States),outbreak news: (United States),Ebola: (United States),Zika virus: (United States),Swine influenza: (United States),COVID-19: (United States),Avg_Return,Volatility,Outbreak,Event
2004-01-01,13,5,0.5,1,0.5,0.5,0.0,0.5,0,0,0.0,0.0,0.0,0.5,0.0,0.5,0.5,0.0880896679334919,0.7120296831823865,0,0
2004-02-01,12,5,0.5,1,0.5,0.5,0.5,0.5,0,4,0.0,0.0,0.0,0.5,0.0,0.5,0.5,0.0654702041112211,0.57860255723714,0,0
2004-03-01,12,5,0.5,1,0.5,0.5,0.0,0.5,0,5,0.0,0.0,0.0,0.5,0.0,0.0,0.5,-0.0674020398562496,0.9465093395207326,0,0
2004-04-01,11,5,0.5,1,0.5,0.5,0.5,0.5,0,5,0.0,0.0,0.0,0.5,0.0,0.5,0.5,-0.0776949447031761,0.7804671921983484,0,0
2004-05-01,11,4,0.5,1,0.5,0.5,0.5,0.5,0,5,0.0,0.0,0.0,0.5,0.0,0.0,0.5,0.0624981391341294,0.7144389330248103,0,0
2004-06-01,11,4,0.5,1,0.5,0.5,0.5,0.5,0,3,0.0,0.0,0.0,0.5,0.0,0.5,0.5,0.0867312918864131,0.6144001017001601,0,0
2004-07-01,11,5,0.5,1,0.5,0.5,0.5,0.5,0,2,0.0,0.0,0.0,0.5,0.0,0.0,0.5,-0.1642968915347759,0.6000785950122295,0,0
2004-08-01,11,5,0.5,1,0.5,0.5,0.5,0.5,0,3,0.0,0.0,0.0,0.5,0.0,0.0,0.5,0.0136689027078554,0.8287814789727949,0,0
2004-09-01,13,4,0.5,1,0.5,0.5,0.5,0.5,0,6,0.0,0.0,0.0,0.5,0.0,0.0,0.5,0.0460645567586647,0.5921279996874913,0,0
2004-10-01,16,4,0.5,3,0.5,0.5,0.5,0.5,0,6,0.0,0.0,0.0,0.5,0.0,0.5,0.5,0.0691937181055847,0.7812512042592438,0,0
2004-11-01,17,5,0.5,2,0.5,0.5,0.5,0.5,0,6,0.0,0.0,0.0,0.5,0.0,0.5,0.5,0.1823590328981542,0.6273731060767562,0,0
2004-12-01,19,5,0.5,1,0.5,0.5,0.0,0.5,0,5,0.0,0.0,0.0,0.5,0.0,0.5,0.5,0.1468428277891494,0.5693249610312363,0,0
2005-01-01,18,6,0.5,1,0.5,0.5,0.5,0.5,0,5,0.0,0.0,0.0,0.5,0.0,0.0,0.5,-0.1260208367482707,0.6446716061486798,0,0
2005-02-01,19,5,0.5,1,0.5,0.5,0.5,0.5,0,5,0.0,0.0,0.0,0.5,0.0,0.5,0.5,0.1007601164849267,0.672950548077208,0,0
2005-03-01,17,5,0.5,1,0.5,0.5,0.5,0.5,0,6,0.0,0.0,0.0,0.5,0.0,0.5,0.5,-0.0857850020409561,0.633850737035659,0,0
2005-04-01,15,5,0.5,1,0.5,0.5,0.5,0.5,0,6,0.0,0.0,0.0,0.5,0.0,0.5,0.5,-0.0923846104733621,0.9502556423008997,0,0
2005-05-01,16,5,0.5,1,0.5,0.5,0.5,0.5,0,7,0.0,0.0,0.0,0.5,0.0,0.5,0.5,0.1425767777506692,0.639032269549391,0,0
2005-06-01,12,5,0.5,1,0.5,0.5,0.5,0.5,0,3,0.0,0.0,0.0,0.5,0.0,0.5,0.5,0.0005828688367863,0.5077982667503504,0,0
2005-07-01,11,5,0.5,1,0.5,0.5,0.5,0.5,0,4,0.0,0.0,0.0,0.5,0.0,0.5,0.5,0.1783043199674588,0.5555092583304493,0,0
2005-08-01,12,5,0.5,1,0.5,0.5,0.5,0.5,0,5,0.0,0.0,0.0,0.5,0.0,0.5,0.5,-0.0475517563600439,0.5605815511279835,0,0
2005-09-01,13,4,0.5,1,0.5,0.5,0.5,0.5,0,5,0.0,0.0,0.0,0.5,0.0,0.5,0.5,0.0345444178288163,0.5733220939343878,0,0
2005-10-01,15,5,0.5,2,0.5,0.5,0.5,0.5,0,6,3.0,0.0,0.0,0.5,0.0,0.5,0.5,-0.0809140782538739,0.9497987018085762,0,0
2005-11-01,15,5,0.5,2,0.5,0.5,0.5,0.5,0,5,2.0,0.0,0.0,0.5,0.0,0.5,0.5,0.1659548576082879,0.4909498560848688,0,0
2005-12-01,17,6,0.5,1,0.5,0.5,0.5,0.5,0,4,1.0,0.0,0.0,0.5,0.0,0.5,0.5,-0.0035074075968329,0.4652802533128716,0,0
2006-01-01,17,6,0.5,1,0.5,0.5,0.5,0.5,0,6,1.0,0.0,1.0,0.5,0.0,0.5,0.5,0.1281783098873834,0.7043047562162047,0,0
2006-02-01,17,6,0.5,1,0.5,0.5,0.5,0.5,0,6,1.0,0.0,1.0,0.5,0.0,0.5,0.5,0.004091391341675,0.6002330166417471,0,0
2006-03-01,15,6,0.5,1,0.5,0.5,0.5,0.5,1,8,1.0,0.0,0.0,0.5,0.0,0.5,0.5,0.0491563736680414,0.4945698804021955,0,0
2006-04-01,12,6,0.5,1,0.5,0.5,0.5,0.5,0,6,0.0,0.0,1.0,0.5,0.0,0.5,0.5,0.0651406168586096,0.5691244914228953,0,0
2006-05-01,12,5,0.5,1,0.5,0.5,0.5,0.5,0,7,1.0,0.0,1.0,0.5,0.0,0.5,0.5,-0.139664890482418,0.7892525976878284,0,0
2006-06-01,11,5,0.5,2,0.5,0.5,0.5,0.5,0,4,0.0,0.0,0.0,0.5,0.0,0.5,0.5,0.0051494838203098,1.000071404697432,0,0
2006-07-01,11,5,0.5,1,0.5,0.5,0.5,0.5,1,5,0.0,0.0,0.0,0.5,0.0,0.0,0.5,0.0289756946133712,0.8729908528638766,0,0
2006-08-01,11,5,0.5,2,0.5,0.5,0.5,0.5,0,4,0.0,0.0,0.0,0.5,0.0,0.5,0.5,0.0925317144833503,0.4496404881267232,0,0
2006-09-01,12,5,0.5,1,0.5,0.5,0.5,0.5,0,5,0.0,0.0,2.0,0.5,0.0,0.5,0.5,0.1226402707164991,0.506882956597084,0,0
2006-10-01,15,5,0.5,2,0.5,0.5,0.5,0.5,0,6,0.0,0.0,1.0,0.5,0.0,0.5,0.5,0.1420279049850279,0.4396015977121271,0,0
2006-11-01,16,6,0.5,2,0.5,0.5,0.5,0.5,1,5,0.0,0.0,1.0,0.5,0.0,0.5,0.5,0.0791813760258798,0.5373831523376859,0,0
2006-12-01,19,6,0.5,1,0.5,0.5,0.5,0.5,0,5,0.0,0.0,1.0,0.5,0.0,0.5,0.5,0.0635757483520232,0.4288584718416322,0,0
2007-01-01,18,6,0.5,1,0.5,0.5,0.5,0.5,0,6,0.0,0.0,1.0,0.5,0.0,0.5,0.5,0.0709323766854941,0.4814569757145212,0,0
2007-02-01,16,6,1.0,2,0.5,0.5,0.5,0.5,0,7,0.0,0.0,1.0,0.5,0.0,0.5,0.5,-0.1122939060108845,0.8984229150390028,0,0
2007-03-01,16,6,1.0,2,0.5,0.5,0.5,0.5,1,6,0.0,0.0,1.0,0.5,0.0,0.5,0.5,0.0487480544166711,0.8680393879083331,0,0
2007-04-01,13,6,0.5,2,0.5,0.5,0.5,0.5,1,6,0.0,0.0,0.0,0.5,0.0,0.5,0.5,0.2133447761992818,0.5075492022108973,0,0
2007-05-01,11,6,0.5,2,0.5,0.5,0.5,0.5,0,6,0.0,0.0,1.0,0.5,0.5,0.5,0.5,0.1471784735632863,0.5558855648461271,0,0
2007-06-01,11,5,0.5,2,0.5,0.5,0.5,0.5,1,6,0.0,0.0,1.0,0.5,0.0,0.5,0.5,-0.0820891276795885,0.8538984250053364,0,0
2007-07-01,10,5,1.0,2,0.5,0.5,0.5,0.5,1,6,0.0,0.0,0.0,0.5,0.5,0.5,0.5,-0.1489714104627462,1.0907917171358064,0,0
2007-08-01,11,5,0.5,2,0.5,0.5,0.5,0.5,1,5,0.0,0.0,1.0,0.5,0.0,0.5,0.5,0.0667641679924251,1.5260924077163227,0,0
2007-09-01,12,5,0.5,2,0.5,0.5,0.5,0.5,0,7,0.0,0.0,1.0,0.5,0.0,0.5,0.5,0.1899743790392138,0.9999741968726478,0,0
2007-10-01,18,6,1.0,2,0.5,0.5,0.5,0.5,1,6,0.0,0.0,1.0,0.5,0.0,0.5,0.5,0.0676444114264702,0.8718717246223971,0,0
2007-11-01,19,6,1.0,2,0.5,0.5,0.5,0.5,1,7,0.0,0.0,1.0,0.5,0.5,0.5,0.5,-0.2010424485507737,1.6661268355021095,0,0
2007-12-01,20,6,1.0,1,0.5,0.5,0.5,0.5,1,7,0.0,0.0,0.0,0.5,0.0,0.5,0.5,-0.0374389686100051,1.1108609909198903,0,0
2008-01-01,21,7,1.0,1,0.5,0.5,0.5,0.5,1,8,0.0,0.0,0.5,0.5,0.5,0.5,0.5,-0.2889612961510743,1.525821904731787,0,0
2008-02-01,22,6,1.0,2,0.5,0.5,0.5,0.5,1,8,0.0,0.0,1.0,0.5,0.0,0.5,0.5,-0.1687488239870243,1.2914068587237175,0,0
2008-03-01,19,6,1.0,2,0.5,0.5,0.5,0.5,1,8,0.0,0.0,1.0,0.5,0.5,0.5,0.5,-0.0142066717003181,1.8263087011262653,0,0
2008-04-01,15,6,1.0,2,0.5,0.5,0.5,0.5,1,10,0.0,0.0,1.0,0.5,0.5,0.5,0.5,0.2176596857335884,1.1545991464358216,0,0
2008-05-01,14,6,1.0,2,0.5,0.5,0.5,0.5,1,10,0.0,0.0,1.0,0.5,0.5,0.5,0.5,0.0544745108453677,0.9039969434801388,0,0
2008-06-01,13,5,0.5,2,0.5,0.5,0.5,0.5,1,10,0.0,0.0,1.0,0.5,0.0,0.5,0.5,-0.419767726995384,1.2359621705107584,0,0
2008-07-01,12,5,0.5,2,0.5,0.5,0.5,0.5,2,8,0.0,0.0,1.0,0.5,0.0,0.5,0.5,-0.0348859670307278,1.4578459954450866,0,0
2008-08-01,12,5,1.0,2,0.5,0.5,0.5,0.5,1,9,0.0,0.0,0.5,0.5,0.5,0.5,0.5,0.0658769701509237,1.311246703819407,0,0
2008-09-01,14,5,1.0,2,1.0,0.5,0.5,0.5,2,10,0.0,0.0,1.0,0.5,0.5,0.5,0.5,-0.3953602681643348,3.426061324641827,0,0
2008-10-01,16,5,1.0,2,1.0,1.0,0.5,0.5,2,10,0.5,0.0,1.0,0.5,0.5,0.5,0.5,-0.6820802318675492,5.090922874498956,0,0
2008-11-01,19,6,1.0,2,1.0,0.5,0.5,0.5,1,11,0.5,0.0,1.0,0.5,0.0,0.5,0.5,-0.3138010670069767,4.4764680206837895,0,0
2008-12-01,20,6,1.0,1,1.0,0.5,0.5,0.5,2,10,0.0,0.0,0.5,0.5,0.5,0.5,0.5,0.0818525644387936,3.0918737209682523,0,0
2009-01-01,20,7,1.0,2,0.5,0.5,0.5,0.5,1,11,0.0,0.0,1.0,0.5,0.5,0.5,0.5,-0.4175816687149097,2.473262333957976,0,0
2009-02-01,22,6,1.0,2,0.5,0.5,0.5,0.5,2,13,0.0,0.0,1.0,0.5,0.5,0.5,0.5,-0.5863703247801325,2.274000057798871,0,0
2009-03-01,20,6,1.0,2,0.5,0.5,0.5,0.5,2,13,0.5,0.0,1.0,0.5,0.5,0.5,0.5,0.4180940486071604,3.084507931480923,0,0
2009-04-01,18,6,1.0,2,0.5,0.5,0.5,0.5,3,15,13.0,0.0,3.0,0.5,0.5,15.0,0.5,0.4454502140411965,1.8886958947787809,1,1
2009-05-01,16,5,1.0,2,0.5,0.5,0.5,0.5,2,14,4.0,0.0,1.0,0.5,0.5,12.0,0.5,0.2744495026020993,1.8108584672605457,1,0
2009-06-01,14,6,1.0,2,0.5,0.5,0.5,0.5,2,13,1.0,0.0,1.0,0.5,0.5,3.0,0.5,0.008809972554495,1.285885880556152,1,0
2009-07-01,13,5,1.0,2,0.5,0.5,0.5,0.5,3,12,0.0,0.5,1.0,0.5,0.5,3.0,0.5,0.3336339187464555,1.2958107076304335,1,0
2009-08-01,14,5,1.0,3,0.5,0.5,0.5,0.5,2,12,1.0,0.0,0.5,0.5,0.5,4.0,0.5,0.1623741120994525,1.0301358720795712,1,0
2009-09-01,18,6,1.0,4,0.5,0.5,0.5,0.5,2,15,1.0,0.0,1.0,0.5,0.5,7.0,0.5,0.1716945817478113,0.9619574341362952,1,0
2009-10-01,24,6,1.0,9,0.5,0.5,0.5,0.5,3,17,2.0,0.0,1.0,0.5,0.5,13.0,0.5,-0.081826034473796,1.3598393710223606,1,0
2009-11-01,25,7,1.0,7,0.5,0.5,0.5,0.5,3,15,1.0,0.0,1.0,0.5,0.5,8.0,0.5,0.2838731176216713,0.9841242204588752,1,0
2009-12-01,21,6,1.0,3,0.5,0.5,0.5,0.5,2,15,1.0,0.0,0.0,0.5,0.5,3.0,0.5,0.0821881510092926,0.6613759159211052,1,0
2010-01-01,21,7,1.0,2,0.5,0.5,0.5,0.5,3,17,0.0,0.0,0.5,0.5,0.5,1.0,0.5,-0.193018979193696,1.0330412834291278,1,0
2010-02-01,21,7,1.0,2,0.5,0.5,0.5,0.5,2,15,0.5,0.0,0.5,0.5,0.5,1.0,0.5,0.1542500184507511,1.1372576692159655,1,0
2010-03-01,20,7,1.0,2,0.5,0.5,0.5,0.5,3,17,1.0,0.0,1.0,0.5,0.5,1.0,0.5,0.2497732770786508,0.4719002711717407,1,0
2010-04-01,17,6,1.0,2,0.5,0.5,0.5,0.5,3,18,1.0,0.0,1.0,0.5,0.5,1.0,0.5,0.0740651977845706,0.9440133341455088,1,0
2010-05-01,16,6,1.0,2,0.5,0.5,0.5,0.5,3,18,1.0,0.0,1.0,0.5,0.5,0.5,0.5,-0.4073845442600038,2.022849591235426,1,0
2010-06-01,18,5,1.0,2,0.5,0.5,0.5,0.5,3,14,0.5,0.0,0.5,0.5,0.5,0.5,0.5,-0.2390055206757603,1.6133499618237013,1,0
2010-07-01,18,6,1.0,2,0.5,0.5,0.5,0.5,3,15,0.5,0.0,0.5,0.5,0.5,0.5,0.5,0.3246791248585369,1.2504812748691287,1,0
2010-08-01,18,6,1.0,2,0.5,0.5,0.5,0.5,3,15,0.0,0.0,1.0,0.5,0.5,0.5,0.5,-0.2147886812519151,1.113362756305813,1,0
2010-09-01,22,6,1.0,2,0.5,0.5,0.5,0.5,3,16,1.0,0.0,1.0,0.5,0.5,0.5,0.5,0.4051597552294731,0.9981152795430978,0,0
2010-10-01,23,7,1.0,2,0.5,0.5,0.5,0.5,3,17,1.0,0.0,1.0,0.5,0.5,0.5,0.5,0.174908982902129,0.7126784063155664,0,0
2010-11-01,27,7,1.0,2,0.5,0.5,0.5,0.5,3,16,1.0,0.0,1.0,0.5,0.5,0.5,0.5,-0.0067875087822159,0.9321631965376383,0,0
2010-12-01,27,8,1.0,1,0.5,0.5,0.5,0.5,3,16,0.5,0.0,1.0,0.5,0.5,0.5,0.5,0.2894014086991908,0.5554393147183705,0,0
2011-01-01,33,9,1.0,2,0.5,0.5,0.5,0.5,4,19,1.0,0.5,1.0,0.5,0.0,0.5,0.5,0.1141285132009345,0.6637934763305516,0,0
2011-02-01,34,9,2.0,2,0.5,0.5,0.5,0.5,4,21,1.0,0.0,1.0,0.5,0.5,0.5,0.5,0.1683690868419024,0.7496931504412577,0,0
2011-03-01,29,9,1.0,2,0.5,0.5,0.5,0.5,4,24,0.5,0.5,1.0,0.5,0.5,0.5,0.5,0.0005574456841123,1.0328899583720963,0,0
2011-04-01,25,8,1.0,2,0.5,0.5,0.5,0.5,4,21,1.0,0.5,1.0,0.5,0.5,0.5,0.5,0.1420725654781229,0.5601512698164849,0,0
2011-05-01,24,8,1.0,2,0.5,0.5,0.5,0.5,4,21,1.0,0.0,2.0,0.5,0.5,0.5,0.5,-0.0624997258927347,0.6804421998089879,0,0
2011-06-01,21,8,1.0,2,0.5,0.5,0.5,0.5,4,19,0.5,0.0,1.0,0.5,0.5,0.5,0.5,-0.0785175430971623,1.0422460020728497,0,0
2011-07-01,18,8,1.0,2,0.5,0.5,0.5,0.5,4,18,0.5,0.0,0.5,0.5,0.5,0.5,0.5,-0.103956099978742,0.9757935757774407,0,0
2011-08-01,18,7,1.0,2,0.5,0.5,0.5,0.5,4,18,0.5,0.5,1.0,0.5,0.5,0.5,0.5,-0.2119052908410248,2.9479530569415915,0,0
2011-09-01,24,7,1.0,2,0.5,0.5,0.5,0.5,4,19,1.0,0.5,1.0,0.5,0.5,0.5,0.5,-0.3380150813623274,1.827008132837322,0,0
2011-10-01,28,8,1.0,2,0.5,0.5,0.5,0.5,4,20,0.5,0.5,1.0,0.5,0.5,0.5,0.5,0.5046870133307048,1.8528300219765024,0,0
2011-11-01,32,9,1.0,2,0.5,0.5,0.5,0.5,4,21,1.0,0.5,1.0,0.5,0.5,0.5,0.5,-0.0059014998342155,1.9595099906083573,0,0
2011-12-01,32,9,1.0,1,0.5,0.5,0.5,0.5,4,19,1.0,0.0,0.5,0.5,0.5,0.5,0.5,0.0470162386042197,1.1746181283548176,0,0
2012-01-01,33,10,1.0,2,0.5,0.5,0.5,0.5,4,21,1.0,0.5,1.0,0.5,0.5,0.5,0.5,0.2149107216242218,0.5409454044202052,0,0
2012-02-01,37,10,2.0,2,0.5,0.5,0.5,0.5,5,24,1.0,0.5,1.0,0.5,0.5,0.5,0.5,0.2004877152018258,0.534744502008233,0,0
2012-03-01,31,9,2.0,2,0.5,0.5,0.5,0.5,5,24,1.0,0.5,1.0,0.5,0.5,0.5,0.5,0.1428503332745786,0.7271515637626431,0,0
2012-04-01,31,9,2.0,2,0.5,0.5,0.5,0.5,5,23,1.0,0.5,1.0,0.5,0.5,0.5,0.5,-0.0335586526003856,0.9248884728171431,0,0
2012-05-01,31,9,1.0,2,0.5,0.5,0.5,0.5,5,24,1.0,0.5,1.0,0.5,0.5,0.5,0.5,-0.2906753698928919,0.7898804590522496,0,0
2012-06-01,25,8,1.0,2,0.5,0.5,0.5,0.5,5,22,0.5,0.5,2.0,0.5,0.5,0.5,0.5,0.1929094557876672,1.2959692855139977,0,0
2012-07-01,26,9,1.0,2,0.5,0.5,0.5,0.5,5,22,1.0,0.5,1.0,0.5,0.5,0.5,0.5,0.0632910688747923,0.8787564442308363,0,0
2012-08-01,25,8,2.0,2,0.5,0.5,0.5,0.5,5,21,0.5,0.5,1.0,0.5,0.5,0.5,0.5,0.0866638199895983,0.5684952877633302,0,0
2012-09-01,29,9,2.0,2,0.5,0.5,0.5,0.5,5,22,1.0,0.5,1.0,0.5,0.5,0.5,0.5,0.1287654204529908,0.7502356370082465,0,0
2012-10-01,33,10,2.0,2,0.5,0.5,0.5,0.5,5,22,1.0,0.5,3.0,0.5,0.5,0.5,0.5,-0.0929656764465283,0.6735668108090279,0,0
2012-11-01,35,11,2.0,2,0.5,0.5,0.5,0.5,4,23,1.0,0.5,1.0,0.5,0.5,0.5,0.5,0.0180773661160612,0.975183148023632,0,0
2012-12-01,42,11,2.0,2,0.5,0.5,0.5,0.5,5,21,1.0,0.5,1.0,0.5,0.5,0.5,0.5,0.0377973010770232,0.7372941696320434,0,0
2013-01-01,46,12,2.0,2,0.5,0.5,0.5,0.5,5,24,1.0,0.5,2.0,0.5,0.5,0.5,0.5,0.2364071088289843,0.6282667127875351,0,0
2013-02-01,39,11,2.0,2,0.5,0.5,0.5,0.5,5,23,1.0,1.0,1.0,0.5,0.5,0.5,0.5,0.0611722978905076,0.8285308342794261,0,0
2013-03-01,34,11,2.0,2,0.5,0.5,0.5,0.5,5,23,1.0,1.0,1.0,0.5,0.5,0.5,0.5,0.1779849714952608,0.4708126912393984,0,0
2013-04-01,28,11,2.0,2,0.5,0.5,0.5,0.5,5,23,1.0,0.5,1.0,0.5,0.5,0.5,0.5,0.0853121237802214,0.8908885347625384,0,0
2013-05-01,27,10,2.0,2,0.5,0.5,0.5,0.5,5,24,1.0,0.5,1.0,0.5,0.5,0.5,0.5,0.0957181697615302,0.6884771766955086,0,0
2013-06-01,23,9,2.0,2,0.5,0.5,0.5,0.5,5,22,0.5,0.5,1.0,0.5,0.5,0.5,0.5,-0.0699184620841519,1.0852850116254549,0,0
2013-07-01,21,10,1.0,2,0.5,0.5,0.5,0.5,6,20,0.5,0.5,2.0,0.5,0.5,0.5,0.5,0.2205788502289579,0.4337128873094311,0,0
2013-08-01,22,9,2.0,2,0.5,0.5,0.5,0.5,6,22,0.5,0.5,1.0,0.5,0.5,0.5,0.5,-0.1423697362963907,0.656771534532299,0,0
2013-09-01,29,9,2.0,2,0.5,0.5,0.5,0.5,5,23,1.0,0.5,1.0,0.5,0.5,0.5,0.5,0.1481280519807287,0.5517135671835283,0,0
2013-10-01,32,9,2.0,2,0.5,0.5,0.5,0.5,6,24,1.0,0.5,2.0,0.5,0.5,0.5,0.5,0.192806154264111,0.7841807898546548,0,0
2013-11-01,36,10,2.0,2,0.5,0.5,0.5,0.5,6,23,1.0,1.0,1.0,0.5,0.5,0.5,0.5,0.1399249956375481,0.5644006721803314,0,0
2013-12-01,44,12,2.0,2,0.5,0.5,0.5,0.5,5,24,1.0,0.5,1.0,0.5,0.5,0.5,0.5,0.1126694268808356,0.5995246739900754,0,0
2014-01-01,42,12,2.0,2,0.5,0.5,0.5,0.5,6,27,1.0,0.5,1.0,0.5,0.5,1.0,0.5,-0.1694094357561198,0.7884539974508362,0,0
2014-02-01,35,11,2.0,2,0.5,0.5,0.5,0.5,6,26,1.0,0.5,1.0,0.5,0.5,0.5,0.5,0.2254841137093604,0.8017207453297572,0,0
2014-03-01,33,12,2.0,2,0.5,0.5,0.5,0.5,6,24,1.0,1.0,2.0,0.5,0.5,0.5,0.5,0.0349611328675682,0.6582042787958434,1,0
2014-04-01,33,11,2.0,2,0.5,0.5,0.5,0.5,6,29,1.0,0.5,3.0,0.5,0.5,0.5,0.5,0.0326966080999183,0.8247580521429234,1,0
2014-05-01,29,10,2.0,2,0.5,0.5,0.5,0.5,6,26,1.0,0.5,2.0,0.5,0.5,0.5,0.5,0.1004272245846199,0.5167329910952971,1,0
2014-06-01,27,10,2.0,2,0.5,0.5,0.5,0.5,6,25,1.0,0.5,2.0,0.5,0.5,0.5,0.5,0.0905708716791303,0.363850027582656,1,0
2014-07-01,22,10,2.0,2,0.5,0.5,0.5,0.5,7,24,1.0,0.5,3.0,2.0,0.5,0.5,0.5,-0.0668967225635116,0.6687845613709693,1,0
2014-08-01,23,9,2.0,2,0.5,0.5,0.5,0.5,6,23,1.0,0.5,10.0,7.0,0.5,0.5,0.5,0.1773145118089839,0.4899884418943781,1,0
2014-09-01,28,9,2.0,2,0.5,0.5,0.5,0.5,6,24,1.0,0.5,7.0,3.0,0.5,0.5,0.5,-0.0727317971225758,0.5957830420675115,1,1
2014-10-01,31,10,2.0,3,0.5,1.0,0.5,0.5,8,25,2.0,0.5,27.0,33.0,0.5,0.5,0.5,0.1061222397387938,1.1516978037529095,1,0
2014-11-01,36,10,2.0,2,0.5,0.5,0.5,0.5,5,26,1.0,0.5,3.0,4.0,0.5,0.5,0.5,0.1279600817472669,0.2572766998154365,1,0
2014-12-01,49,12,2.0,2,0.5,0.5,0.5,0.5,6,24,1.0,0.5,2.0,2.0,0.5,0.5,0.5,-0.0145664502557137,0.974038599470253,1,0
2015-01-01,45,12,2.0,3,0.5,0.5,0.5,0.5,6,27,1.0,0.5,3.0,1.0,0.5,0.5,0.5,-0.1520936379663745,1.0712409886090877,1,0
2015-02-01,40,12,2.0,4,0.5,0.5,0.5,0.5,6,26,1.0,0.5,4.0,1.0,0.5,0.5,0.5,0.2833833788042542,0.6059705609295731,1,0
2015-03-01,38,12,2.0,2,0.5,0.5,0.5,0.5,6,26,1.0,1.0,2.0,0.5,0.5,0.5,0.5,-0.0758540267373294,0.9017745220900036,1,0
2015-04-01,35,11,2.0,2,0.5,0.5,0.5,0.5,6,27,1.0,1.0,2.0,0.5,0.5,0.5,0.5,0.0417727104976271,0.5341721430502555,1,0
2015-05-01,31,10,2.0,2,0.5,0.5,0.5,0.5,6,26,1.0,0.5,1.0,0.5,0.5,0.5,0.5,0.0543969022027923,0.6809756266197167,1,0
2015-06-01,26,10,2.0,2,0.5,0.5,0.5,0.5,6,24,0.5,0.5,1.0,0.5,0.5,0.5,0.5,-0.0941218425599213,0.7012480978246243,1,0
2015-07-01,24,10,2.0,2,0.5,0.5,0.5,0.5,7,27,0.5,0.5,1.0,0.5,0.5,0.5,0.5,0.0914977655747394,0.7372288432498155,1,0
2015-08-01,24,10,2.0,2,0.5,0.5,0.5,0.5,7,25,0.5,0.5,1.0,0.5,0.5,0.5,0.5,-0.2937573445235941,1.683112221043334,1,0
2015-09-01,31,9,2.0,2,0.5,0.5,0.5,0.5,6,28,1.0,1.0,2.0,0.5,0.5,0.5,0.5,-0.1179223094296881,1.4185014206987194,1,0
2015-10-01,34,10,2.0,3,0.5,0.5,0.5,0.5,6,28,1.0,1.0,1.0,0.5,0.5,0.5,0.5,0.366009566599002,0.7940826742070987,1,0
2015-11-01,39,10,2.0,2,0.5,0.5,0.5,0.5,6,28,1.0,1.0,1.0,0.5,0.5,0.5,0.5,0.0053141726788286,0.7673264741472634,1,0
2015-12-01,45,12,2.0,2,0.5,0.5,0.5,0.5,6,27,1.0,0.5,1.0,0.5,0.5,0.5,0.5,-0.0739307528868103,1.16014323105486,1,0
2016-01-01,46,12,2.0,2,0.5,0.5,0.5,0.5,7,26,1.0,1.0,1.0,0.5,2.0,0.5,0.5,-0.2626817019464171,1.5220988057967926,1,0
2016-02-01,51,13,3.0,2,0.5,0.5,0.5,0.5,8,28,1.0,1.0,1.0,0.5,3.0,0.5,0.5,-0.0141813869690615,1.170051841151937,1,1
2016-03-01,44,13,3.0,2,0.5,0.5,0.5,0.5,7,27,1.0,1.0,1.0,0.5,1.0,0.5,0.5,0.2933463902619368,0.718742935849821,1,0
2016-04-01,38,12,2.0,2,0.5,0.5,0.5,0.5,7,27,1.0,1.0,1.0,0.5,1.0,0.5,0.5,0.0147844206552846,0.6392568507427822,1,0
2016-05-01,32,11,2.0,2,0.5,0.5,0.5,0.5,7,28,1.0,1.0,1.0,0.5,1.0,0.5,0.5,0.0747860157349717,0.7013663704725154,1,0
2016-06-01,29,11,2.0,2,0.5,0.5,0.5,0.5,7,24,0.5,1.0,1.0,0.5,1.0,0.5,0.5,0.010708354188783,1.167857431765842,1,0
2016-07-01,24,11,2.0,2,0.5,0.5,0.5,1.0,7,23,0.5,0.5,1.0,0.5,1.0,0.5,0.5,0.1761396771958806,0.4677001782741444,1,0
2016-08-01,26,9,2.0,2,0.5,0.5,0.5,1.0,7,21,0.5,0.5,1.0,0.5,3.0,0.5,0.5,-0.0046978943771234,0.3561874136616664,1,0
2016-09-01,34,10,2.0,2,0.5,0.5,0.5,1.0,7,26,1.0,1.0,1.0,0.5,1.0,0.5,0.5,-0.0018772634625632,0.9146327348679252,1,0
2016-10-01,39,11,2.0,2,0.5,0.5,0.5,1.0,7,25,1.0,1.0,1.0,0.5,1.0,0.5,0.5,-0.0925438817434031,0.415973010294056,1,0
2016-11-01,43,11,2.0,2,0.5,0.5,0.5,1.0,6,23,1.0,1.0,1.0,0.5,0.5,0.5,0.5,0.1622505689995361,0.6674924149232571,1,0
2016-12-01,49,13,2.0,2,0.5,0.5,0.5,1.0,6,23,1.0,1.0,1.0,0.5,0.5,0.5,0.0,0.0871357866277857,0.5040226776203294,1,0
2017-01-01,51,14,3.0,2,0.5,0.5,0.5,1.0,7,27,1.0,1.0,1.0,0.5,0.5,0.5,0.0,0.0894682771289612,0.4101117312942873,1,0
2017-02-01,50,13,3.0,2,0.5,0.5,0.5,1.0,7,30,1.0,1.0,1.0,0.5,0.5,0.5,0.0,0.1928135443585645,0.2918097167831068,1,0
2017-03-01,44,13,3.0,2,0.5,0.5,0.5,1.0,7,31,1.0,1.0,1.0,0.5,0.5,0.5,0.0,-0.0004436995104516,0.5113729840851645,1,0
2017-04-01,41,13,2.0,2,0.5,0.5,0.5,1.0,7,30,1.0,1.0,1.0,0.5,0.5,0.5,0.0,0.0486563758261259,0.4631123702604148,1,0
2017-05-01,36,11,2.0,2,0.5,0.5,0.5,1.0,7,28,1.0,1.0,1.0,0.5,0.5,0.5,0.0,0.053468551433474,0.486390334671157,1,0
2017-06-01,31,11,2.0,2,0.5,0.5,0.5,1.0,7,24,0.5,1.0,1.0,0.5,0.5,0.5,0.0,0.0228449823516173,0.4610620423279967,1,0
2017-07-01,28,11,2.0,2,0.5,0.5,0.5,1.0,8,26,0.5,1.0,1.0,0.5,0.5,0.5,0.0,0.0964669972293768,0.355580863145381,1,0
2017-08-01,27,10,2.0,2,0.5,0.5,0.5,1.0,8,31,0.5,1.0,1.0,0.5,0.5,0.5,0.0,0.0040195395611016,0.585172719796304,1,0
2017-09-01,37,10,2.0,2,0.5,0.5,0.5,1.0,7,28,1.0,1.0,1.0,0.5,0.5,0.5,0.0,0.096236658769655,0.3544640137873496,1,0
2017-10-01,40,11,2.0,3,0.5,0.5,0.5,1.0,7,28,1.0,1.0,1.0,0.5,0.5,0.5,0.0,0.1002472447805309,0.3055397869819017,1,0
2017-11-01,49,12,3.0,3,0.5,0.5,0.5,1.0,7,29,1.0,1.0,1.0,0.5,0.5,0.5,0.0,0.1327262067662717,0.3989619781784705,1,0
2017-12-01,61,15,4.0,2,0.5,0.5,0.5,1.0,7,28,1.0,1.0,1.0,0.5,0.5,0.5,0.0,0.0495270072501408,0.3548217536531705,0,0
2018-01-01,67,15,4.0,3,0.5,0.5,0.5,1.0,7,30,1.0,1.0,2.0,0.5,0.5,0.5,0.0,0.262111525544873,0.5612433997296011,0,0
2018-02-01,57,14,4.0,3,0.5,0.5,0.5,1.0,8,33,1.0,1.0,1.0,0.5,0.5,0.5,0.0,-0.1947680545235261,1.7142516592580104,0,0
2018-03-01,46,12,3.0,2,0.5,0.5,0.5,1.0,8,33,1.0,1.0,1.0,0.5,0.5,0.5,0.0,-0.1220313529118195,1.2679652215252986,0,0
2018-04-01,41,13,3.0,2,0.5,0.5,0.5,1.0,8,34,1.0,1.0,2.0,0.5,0.5,0.5,0.0,0.0185767756757678,1.0867273010882017,0,0
2018-05-01,37,12,3.0,2,0.5,0.5,0.5,1.0,8,35,1.0,1.0,2.0,0.5,0.5,0.5,0.0,0.0992650234848654,0.6550294321030806,0,0
2018-06-01,34,12,2.0,2,0.5,0.5,0.5,1.0,8,25,0.5,1.0,1.0,0.5,0.5,0.5,0.0,0.0244887455806483,0.5574978427402317,0,0
2018-07-01,29,12,2.0,2,0.5,0.5,0.5,1.0,8,28,0.5,1.0,1.0,0.5,0.5,0.5,0.0,0.1700679838908467,0.5448354964800913,0,0
2018-08-01,28,11,2.0,3,0.5,0.5,0.5,1.0,8,28,0.5,1.0,1.0,0.5,0.5,0.5,0.0,0.1306505042007297,0.4431357940361773,0,0
2018-09-01,39,11,3.0,3,0.5,0.5,0.5,1.0,8,32,1.0,1.0,1.0,0.5,0.5,0.5,0.0,0.0231576666831069,0.35672513746921,0,0
2018-10-01,42,11,3.0,3,0.5,0.5,0.5,1.0,8,35,1.0,1.0,2.0,0.5,0.5,0.5,0.0,-0.3026966172842284,1.408877014131679,0,0
2018-11-01,51,12,3.0,3,0.5,0.5,0.5,1.0,8,34,1.0,1.0,2.0,0.5,0.5,0.5,0.0,0.0910367326158879,1.187419923401854,0,0
2018-12-01,61,14,3.0,2,0.5,0.5,0.5,1.0,8,32,1.0,1.0,1.0,0.5,0.5,0.5,0.0,-0.4888168984705366,1.876626294449336,0,0
2019-01-01,58,14,3.0,3,0.5,0.5,0.5,1.0,8,37,1.0,1.0,2.0,0.5,0.5,0.5,0.0,0.3677979944398657,1.1677586389697103,0,0
2019-02-01,57,14,3.0,4,0.5,0.5,0.5,1.0,8,36,1.0,1.0,2.0,0.5,0.5,0.5,0.0,0.1555825845499975,0.5198355121643347,0,0
2019-03-01,54,14,3.0,4,0.5,0.5,0.5,1.0,8,39,1.0,1.0,2.0,0.5,0.5,0.5,0.0,0.0872366763448992,0.7386071742966905,0,0
2019-04-01,47,13,3.0,4,0.5,0.5,0.5,1.0,8,40,1.0,1.0,4.0,0.5,0.5,0.5,0.0,0.1845084390428408,0.3891959932098431,0,0
2019-05-01,41,12,3.0,4,0.5,0.5,0.5,1.0,8,39,1.0,1.0,3.0,0.5,0.5,0.5,0.0,-0.3050807555096719,0.8801702051967604,0,0
2019-06-01,35,12,2.0,3,0.5,0.5,0.5,1.0,9,35,0.5,1.0,1.0,0.5,0.5,0.5,0.0,0.3359320473820426,0.6645594790833784,0,0
2019-07-01,30,11,2.0,3,0.5,0.5,0.5,1.0,9,34,0.5,1.0,1.0,0.5,0.5,0.5,0.0,0.0606342614348256,0.5280031010254856,0,0
2019-08-01,31,11,2.0,3,0.5,0.5,0.5,1.0,8,31,0.5,1.0,1.0,0.5,0.5,0.5,0.0,-0.0730766646990157,1.4332015226276569,0,0
2019-09-01,39,11,3.0,3,0.5,0.5,0.5,1.0,8,38,1.0,1.0,1.0,0.5,0.5,0.5,0.0,0.0866848485179627,0.557435688524728,0,0
2019-10-01,45,11,3.0,3,0.5,0.5,0.5,1.0,8,39,1.0,1.0,1.0,0.5,0.5,0.5,0.0,0.0912281505022442,0.8232874148981679,0,0
2019-11-01,57,13,3.0,3,0.5,0.5,0.5,1.0,7,39,1.0,1.0,1.0,0.5,0.5,0.5,0.0,0.1681641936028355,0.3625953490630766,0,0
2019-12-01,65,14,4.0,3,0.5,0.5,0.5,1.0,8,36,1.0,1.0,1.0,0.5,0.5,0.5,0.0,0.1354263508652224,0.4815904181382289,0,0
2020-01-01,67,14,4.0,3,0.5,0.5,0.5,1.0,11,46,2.0,1.0,4.0,0.5,0.5,0.5,0.0,-0.0050826309462895,0.747986801948253,1,0
2020-02-01,64,13,4.0,4,0.5,1.0,0.5,2.0,13,51,19.0,1.0,7.0,0.5,0.5,0.5,1.0,-0.4495814623695842,1.562157114117099,1,0
2020-03-01,100,14,6.0,7,11.0,18.0,0.5,5.0,24,60,100.0,1.0,18.0,1.0,0.5,3.0,66.0,-0.4390657314590793,5.88497139518699,1,1
2020-04-01,50,12,4.0,6,4.0,14.0,0.5,19.0,11,48,31.0,2.0,6.0,0.5,0.5,1.0,100.0,0.602218538234532,2.602493886200713,1,0
2020-05-01,27,11,3.0,6,3.0,8.0,0.5,10.0,10,46,18.0,1.0,3.0,0.5,0.5,0.5,49.0,0.2315912055755103,1.4442201029496435,1,0
2020-06-01,25,11,3.0,5,1.0,4.0,0.5,8.0,10,43,9.0,1.0,3.0,1.0,0.5,0.5,50.0,0.0995209265322297,1.8499354857949504,1,0
2020-07-01,31,12,3.0,7,1.0,6.0,0.5,10.0,11,44,12.0,1.0,3.0,0.5,0.5,1.0,73.0,0.2474463887783213,0.8375818708303285,1,0
2020-08-01,27,11,3.0,6,1.0,4.0,0.5,6.0,10,40,11.0,1.0,2.0,0.5,0.5,1.0,51.0,0.3242329473583726,0.5111876494051046,1,0
2020-09-01,27,10,3.0,6,1.0,3.0,0.5,4.0,10,50,12.0,2.0,2.0,0.5,0.5,0.5,39.0,-0.178773926889208,1.5556874298652266,1,0
2020-10-01,34,11,3.0,6,1.0,3.0,0.5,4.0,10,47,10.0,2.0,3.0,0.5,0.5,0.5,49.0,-0.1191408973270711,1.3146016323269825,1,0
2020-11-01,37,11,4.0,10,4.0,4.0,0.5,3.0,10,42,8.0,2.0,2.0,0.5,0.5,0.5,66.0,0.51690779555843,1.0150559046292331,1,0
2020-12-01,39,10,4.0,28,2.0,4.0,0.5,3.0,10,42,8.0,1.0,2.0,0.5,0.5,0.5,77.0,0.1672116654945013,0.5418961680726715,1,0
2021-01-01,35,11,4.0,59,1.0,3.0,0.5,3.0,11,43,7.0,1.0,1.0,0.5,0.5,0.5,76.0,-0.0534396532901443,1.072941275006374,1,0
2021-02-01,30,12,3.0,64,1.0,2.0,0.5,2.0,11,49,7.0,1.0,1.0,0.5,0.5,0.5,63.0,0.1395229911564266,0.9019364116436872,1,0
2021-03-01,31,12,3.0,100,1.0,2.0,0.5,2.0,11,49,7.0,2.0,1.0,0.5,0.5,0.5,70.0,0.1860542629516901,1.0430673132089527,1,0
2021-04-01,35,13,4.0,74,1.0,2.0,0.5,2.0,13,49,6.0,2.0,1.0,0.5,0.5,0.5,57.0,0.2458311359064184,0.6827786692652164,1,0
2021-05-01,39,12,3.0,46,1.0,1.0,0.5,1.0,12,50,6.0,2.0,1.0,0.5,0.5,0.5,40.0,0.0311063917895493,0.8869071223366292,1,0
2021-06-01,40,12,3.0,28,1.0,1.0,0.5,1.0,12,49,4.0,1.0,1.0,0.5,0.5,0.5,28.0,0.1012458862855291,0.5277188982671566,1,0
2021-07-01,45,13,3.0,31,1.0,1.0,0.5,1.0,13,47,3.0,1.0,2.0,0.5,0.5,0.5,41.0,0.1097837567025676,0.741173785710822,1,0
2021-08-01,53,13,4.0,53,1.0,2.0,0.5,2.0,13,48,4.0,1.0,2.0,0.5,0.5,0.5,78.0,0.1312768284441959,0.5201600660488155,1,0
2021-09-01,56,12,4.0,40,1.0,2.0,0.5,2.0,12,44,5.0,2.0,2.0,0.5,0.5,0.5,61.0,-0.2287455049626601,0.8011125539602425,1,0
2021-10-01,57,12,4.0,29,0.5,1.0,0.5,1.0,11,45,5.0,2.0,2.0,0.5,0.5,0.5,38.0,0.32110106740584,0.6835927101793257,1,0
2021-11-01,63,13,4.0,30,1.0,1.0,0.5,1.0,11,46,4.0,2.0,1.0,0.5,0.5,0.5,44.0,-0.036666004701076,0.8135852648819686,1,0
2021-12-01,75,15,7.0,26,1.0,4.0,0.5,1.0,12,45,4.0,1.0,2.0,0.5,0.5,0.5,79.0,0.1997316077879012,1.0758497691550557,1,0
2022-01-01,78,16,9.0,32,1.0,5.0,0.5,2.0,14,59,7.0,2.0,1.0,0.5,0.5,0.5,100.0,-0.2631311067537339,1.1791136225119223,1,0
2022-02-01,46,15,4.0,13,1.0,1.0,0.5,1.0,15,62,6.0,3.0,1.0,0.5,0.5,0.5,31.0,-0.1579853471185849,1.4198788373672302,1,0
2022-03-01,47,16,3.0,9,0.5,1.0,0.5,1.0,13,63,6.0,2.0,1.0,0.5,0.5,0.5,22.0,0.1631173982446315,1.459391686709612,1,0
2022-04-01,52,15,4.0,9,1.0,1.0,0.5,1.0,13,72,7.0,3.0,1.0,0.5,0.5,0.5,21.0,-0.4478804422073391,1.5432952410553216,1,0
2022-05-01,59,14,5.0,8,0.5,1.0,0.5,1.0,14,74,6.0,2.0,3.0,0.5,0.5,0.5,25.0,0.0188507861707691,1.969680610417342,1,0
2022-06-01,57,13,5.0,9,0.5,1.0,0.5,1.0,15,63,4.0,2.0,1.0,0.5,0.5,0.5,25.0,-0.4000850259476756,1.8530090746324124,1,0
2022-07-01,49,13,5.0,9,0.5,2.0,0.5,1.0,15,62,3.0,2.0,2.0,0.5,0.5,0.5,28.0,0.4438928250698265,1.2125788349759814,1,0
2022-08-01,49,12,4.0,10,0.5,1.0,0.5,1.0,14,62,4.0,1.0,2.0,0.5,0.5,0.5,20.0,-0.181224217544872,1.2197965023876618,1,0
2022-09-01,53,12,4.0,8,0.5,1.0,0.5,1.0,13,64,5.0,2.0,1.0,0.5,0.5,0.5,16.0,-0.4550043565301146,1.4998228023883062,1,0
2022-10-01,68,13,4.0,8,0.5,1.0,0.5,1.0,13,68,5.0,2.0,2.0,0.5,0.5,0.5,13.0,0.3812439411907729,1.7605000248086573,1,0
2022-11-01,88,14,5.0,6,0.5,1.0,0.5,1.0,12,66,5.0,2.0,1.0,0.5,0.5,0.5,11.0,0.2641573628950027,1.760144412001415,1,0
2022-12-01,90,15,6.0,6,0.5,1.0,0.5,1.0,14,62,4.0,2.0,1.0,0.5,0.5,0.5,14.0,-0.2829738574880753,1.125442507712456,1,0
